solver, length, nbInv, SavileRowClauseOut, SavileRowTimeOut, SavileRowTotalTime, SolverNodes, SolverSatisfiable, SolverSolutionsFound, SolverTimeOut, TotalTime
minionpar, 01, 000, 0, 0, 0.05, 1, 1, 1, 0, NA
minionpar, 02, 000, 0, 0, 0.062, 1, 1, 1, 0, NA
minionpar, 02, 001, 0, 0, 0.063, 1, 1, 1, 0, NA
minionpar, 03, 000, 0, 0, 0.082, 1, 1, 1, 0, NA
minionpar, 03, 001, 0, 0, 0.081, 3, 1, 2, 0, NA
minionpar, 03, 002, 0, 0, 0.083, 4, 1, 2, 0, NA
minionpar, 03, 003, 0, 0, 0.083, 1, 1, 1, 0, NA
minionpar, 04, 000, 0, 0, 0.122, 1, 1, 1, 0, NA
minionpar, 04, 001, 0, 0, 0.115, 4, 1, 2, 0, NA
minionpar, 04, 002, 0, 0, 0.116, 14, 1, 5, 0, NA
minionpar, 04, 003, 0, 0, 0.117, 19, 1, 6, 0, NA
minionpar, 04, 004, 0, 0, 0.118, 13, 1, 5, 0, NA
minionpar, 04, 005, 0, 0, 0.119, 6, 1, 3, 0, NA
minionpar, 04, 006, 0, 0, 0.114, 1, 1, 1, 0, NA
minionpar, 05, 000, 0, 0, 0.163, 1, 1, 1, 0, NA
minionpar, 05, 001, 0, 0, 0.163, 4, 1, 2, 0, NA
minionpar, 05, 002, 0, 0, 0.171, 19, 1, 5, 0, NA
minionpar, 05, 003, 0, 0, 0.185, 43, 1, 10, 0, NA
minionpar, 05, 004, 0, 0, 0.175, 84, 1, 16, 0, NA
minionpar, 05, 005, 0, 0, 0.174, 95, 1, 20, 0, NA
minionpar, 05, 006, 0, 0, 0.174, 86, 1, 20, 0, NA
minionpar, 05, 007, 0, 0, 0.182, 51, 1, 15, 0, NA
minionpar, 05, 008, 0, 0, 0.174, 25, 1, 9, 0, NA
minionpar, 05, 009, 0, 0, 0.168, 8, 1, 4, 0, NA
minionpar, 05, 010, 0, 0, 0.16, 1, 1, 1, 0, NA
minionpar, 06, 000, 0, 0, 0.247, 1, 1, 1, 0, NA
minionpar, 06, 001, 0, 0, 0.247, 4, 1, 2, 0, NA
minionpar, 06, 002, 0, 0, 0.251, 20, 1, 5, 0, NA
minionpar, 06, 003, 0, 0, 0.284, 49, 1, 10, 0, NA
minionpar, 06, 004, 0, 0, 0.33, 169, 1, 20, 0, NA
minionpar, 06, 005, 0, 0, 0.27, 361, 1, 32, 0, NA
minionpar, 06, 006, 0, 0, 0.273, 434, 1, 51, 0, NA
minionpar, 06, 007, 0, 0, 0.273, 471, 1, 67, 0, NA
minionpar, 06, 008, 0, 0, 0.279, 488, 1, 79, 0, NA
minionpar, 06, 009, 0, 0, 0.275, 470, 1, 80, 0, NA
minionpar, 06, 010, 0, 0, 0.28, 406, 1, 68, 0, NA
minionpar, 06, 011, 0, 0, 0.303, 241, 1, 49, 0, NA
minionpar, 06, 012, 0, 0, 0.301, 110, 1, 29, 0, NA
minionpar, 06, 013, 0, 0, 0.265, 42, 1, 14, 0, NA
minionpar, 06, 014, 0, 0, 0.248, 10, 1, 5, 0, NA
minionpar, 06, 015, 0, 0, 0.242, 1, 1, 1, 0, NA
minionpar, 07, 000, 0, 0, 0.392, 1, 1, 1, 0, NA
minionpar, 07, 001, 0, 0, 0.394, 4, 1, 2, 0, NA
minionpar, 07, 002, 0, 0, 0.375, 20, 1, 5, 0, NA
minionpar, 07, 003, 0, 0, 0.442, 61, 1, 10, 0, NA
minionpar, 07, 004, 0, 0, 0.597, 208, 1, 20, 0, NA
minionpar, 07, 005, 0, 0, 0.514, 1070, 1, 36, 0, NA
minionpar, 07, 006, 0, 0, 0.444, 1595, 1, 61, 0, NA
minionpar, 07, 007, 0, 0, 0.443, 1978, 1, 96, 0, NA
minionpar, 07, 008, 0, 0, 0.469, 2288, 1, 148, 0, NA
minionpar, 07, 009, 0, 0, 0.46, 2561, 1, 208, 0, NA
minionpar, 07, 010, 0, 0, 0.474, 2771, 1, 268, 0, NA
minionpar, 07, 011, 0, 0, 0.446, 2875, 1, 321, 0, NA
minionpar, 07, 012, 0, 0, 0.437, 2863, 1, 351, 0, NA
minionpar, 07, 013, 0, 0, 0.453, 2723, 1, 347, 0, NA
minionpar, 07, 014, 0, 0, 0.465, 2422, 1, 308, 0, NA
minionpar, 07, 015, 0, 0, 0.473, 1985, 1, 241, 0, NA
minionpar, 07, 016, 0, 0, 0.459, 1465, 1, 165, 0, NA
minionpar, 07, 017, 0, 0, 0.503, 555, 1, 98, 0, NA
minionpar, 07, 018, 0, 0, 0.485, 211, 1, 49, 0, NA
minionpar, 07, 019, 0, 0, 0.42, 64, 1, 20, 0, NA
minionpar, 07, 020, 0, 0, 0.384, 12, 1, 6, 0, NA
minionpar, 07, 021, 0, 0, 0.385, 1, 1, 1, 0, NA
minionpar, 08, 000, 0, 0, 0.584, 1, 1, 1, 0, NA
minionpar, 08, 001, 0, 0, 0.565, 4, 1, 2, 0, NA
minionpar, 08, 002, 0, 0, 0.762, 20, 1, 5, 0, NA
minionpar, 08, 003, 0, 0, 0.663, 59, 1, 10, 0, NA
minionpar, 08, 004, 0, 0, 0.882, 195, 1, 20, 0, NA
minionpar, 08, 005, 0, 0, 0.794, 1738, 1, 36, 0, NA
minionpar, 08, 006, 0, 0, 0.718, 4831, 1, 65, 0, NA
minionpar, 08, 007, 0, 0, 0.7, 6953, 1, 106, 0, NA
minionpar, 08, 008, 0, 0, 0.664, 8769, 1, 171, 0, NA
minionpar, 08, 009, 0, 0, 0.705, 10590, 1, 262, 0, NA
minionpar, 08, 010, 0, 0, 0.678, 12358, 1, 397, 0, NA
minionpar, 08, 011, 0, 0, 0.75, 14075, 1, 568, 0, NA
minionpar, 08, 012, 0, 0, 0.692, 15672, 1, 784, 0, NA
minionpar, 08, 013, 0, 0, 0.649, 17059, 1, 1019, 0, NA
minionpar, 08, 014, 0, 0, 0.703, 18040, 1, 1264, 0, NA
minionpar, 08, 015, 0, 0, 0.684, 18513, 1, 1478, 0, NA
minionpar, 08, 016, 0, 0, 0.701, 18496, 1, 1628, 0, NA
minionpar, 08, 017, 0, 0, 0.697, 17897, 1, 1681, 0, NA
minionpar, 08, 018, 0, 0, 0.694, 16695, 1, 1619, 0, NA
minionpar, 08, 019, 0, 0, 0.785, 14933, 1, 1441, 0, NA
minionpar, 08, 020, 0, 0, 0.7, 12628, 1, 1173, 0, NA
minionpar, 08, 021, 0, 0, 0.707, 10044, 1, 866, 0, NA
minionpar, 08, 022, 0, 0, 0.709, 7293, 1, 574, 0, NA
minionpar, 08, 023, 0, 0, 0.881, 4427, 1, 338, 0, NA
minionpar, 08, 024, 0, 0, 0.836, 1150, 1, 174, 0, NA
minionpar, 08, 025, 0, 0, 0.748, 373, 1, 76, 0, NA
minionpar, 08, 026, 0, 0, 0.641, 91, 1, 27, 0, NA
minionpar, 08, 027, 0, 0, 0.564, 14, 1, 7, 0, NA
minionpar, 08, 028, 0, 0, 0.593, 1, 1, 1, 0, NA
minionpar, 09, 000, 0, 0, 0.829, 1, 1, 1, 0, NA
minionpar, 09, 001, 0, 0, 0.821, 4, 1, 2, 0, NA
minionpar, 09, 002, 0, 0, 1.083, 20, 1, 5, 0, NA
minionpar, 09, 003, 0, 0, 0.873, 59, 1, 10, 0, NA
minionpar, 09, 004, 0, 0, 1.134, 211, 1, 20, 0, NA
minionpar, 09, 005, 0, 0, 1.603, 3227, 1, 36, 0, NA
minionpar, 09, 006, 0, 0, 1.31, 8879, 1, 65, 0, NA
minionpar, 09, 007, 0, 0, 1.031, 21199, 1, 110, 0, NA
minionpar, 09, 008, 0, 0, 1.136, 29734, 1, 181, 0, NA
minionpar, 09, 009, 0, 0, 1.067, 38109, 1, 286, 0, NA
minionpar, 09, 010, 0, 0, 1.042, 47113, 1, 443, 0, NA
minionpar, 09, 011, 0, 0, 1.018, 56526, 1, 664, 0, NA
minionpar, 09, 012, 0, 0, 1.03, 66271, 1, 985, 0, NA
minionpar, 09, 013, 0, 0, 1.191, 76567, 1, 1416, 0, NA
minionpar, 09, 014, 0, 0, 1.048, 86906, 1, 1988, 0, NA
minionpar, 09, 015, 0, 0, 1.244, 96776, 1, 2715, 0, NA
minionpar, 09, 016, 0, 0, 1.025, 105842, 1, 3589, 0, NA
minionpar, 09, 017, 0, 0, 1.175, 113713, 1, 4579, 0, NA
minionpar, 09, 018, 0, 0, 1.03, 120067, 1, 5631, 0, NA
minionpar, 09, 019, 0, 0, 1.054, 124541, 1, 6654, 0, NA
minionpar, 09, 020, 0, 0, 1.102, 126658, 1, 7559, 0, NA
minionpar, 09, 021, 0, 0, 0.993, 126045, 1, 8225, 0, NA
minionpar, 09, 022, 0, 0, 1.072, 122485, 1, 8545, 0, NA
minionpar, 09, 023, 0, 0, 1.045, 116044, 1, 8457, 0, NA
minionpar, 09, 024, 0, 0, 1.071, 106782, 1, 7930, 0, NA
minionpar, 09, 025, 0, 0, 1.048, 95013, 1, 7006, 0, NA
minionpar, 09, 026, 0, 0, 1.034, 81300, 1, 5794, 0, NA
minionpar, 09, 027, 0, 0, 1.056, 66340, 1, 4448, 0, NA
minionpar, 09, 028, 0, 0, 1.357, 51496, 1, 3146, 0, NA
minionpar, 09, 029, 0, 0, 1.073, 37183, 1, 2034, 0, NA
minionpar, 09, 030, 0, 0, 1.299, 23217, 1, 1190, 0, NA
minionpar, 09, 031, 0, 0, 1.493, 11547, 1, 622, 0, NA
minionpar, 09, 032, 0, 0, 1.18, 2209, 1, 285, 0, NA
minionpar, 09, 033, 0, 0, 1.111, 612, 1, 111, 0, NA
minionpar, 09, 034, 0, 0, 0.945, 123, 1, 35, 0, NA
minionpar, 09, 035, 0, 0, 0.804, 16, 1, 8, 0, NA
minionpar, 09, 036, 0, 0, 0.888, 1, 1, 1, 0, NA
minionpar, 10, 000, 0, 0, 1.23, 1, 1, 1, 0, NA
minionpar, 10, 001, 0, 0, 1.135, 4, 1, 2, 0, NA
minionpar, 10, 002, 0, 0, 1.23, 20, 1, 5, 0, NA
minionpar, 10, 003, 0, 0, 1.288, 59, 1, 10, 0, NA
minionpar, 10, 004, 0, 0, 1.503, 199, 1, 20, 0, NA
minionpar, 10, 005, 0, 0, 2.609, 481, 1, 36, 0, NA
minionpar, 10, 006, 0, 0, 2.362, 17047, 1, 65, 0, NA
minionpar, 10, 007, 0, 0, 2.07, 43757, 1, 110, 0, NA
minionpar, 10, 008, 0, 0, 1.596, 90068, 1, 185, 0, NA
minionpar, 10, 009, 0, 0, 1.611, 125048, 1, 296, 0, NA
minionpar, 10, 010, 0, 0, 1.543, 161243, 1, 467, 0, NA
minionpar, 10, 011, 0, 0, 1.713, 202183, 1, 714, 0, NA
minionpar, 10, 012, 0, 0, 1.578, 247828, 1, 1077, 0, NA
minionpar, 10, 013, 0, 0, 1.517, 297690, 1, 1582, 0, NA
minionpar, 10, 014, 0, 0, 1.623, 350974, 1, 2305, 0, NA
minionpar, 10, 015, 0, 0, 1.532, 408294, 1, 3284, 0, NA
minionpar, 10, 016, 0, 0, 1.555, 468295, 1, 4617, 0, NA
minionpar, 10, 017, 0, 0, 1.704, 529909, 1, 6374, 0, NA
minionpar, 10, 018, 0, 0, 1.594, 591556, 1, 8665, 0, NA
minionpar, 10, 019, 0, 0, 1.553, 651646, 1, 11521, 0, NA
minionpar, 10, 020, 0, 0, 1.596, 708845, 1, 15012, 0, NA
minionpar, 10, 021, 0, 0, 1.536, 762143, 1, 19067, 0, NA
minionpar, 10, 022, 0, 0, 1.653, 809598, 1, 23599, 0, NA
minionpar, 10, 023, 0, 0, 1.534, 849005, 1, 28426, 0, NA
minionpar, 10, 024, 0, 0, 1.642, 878496, 1, 33300, 0, NA
minionpar, 10, 025, 0, 0, 1.592, 896404, 1, 37862, 0, NA
minionpar, 10, 026, 0, 0, 1.599, 901100, 1, 41767, 0, NA
minionpar, 10, 027, 0, 0, 1.622, 891309, 1, 44597, 0, NA
minionpar, 10, 028, 0, 0, 1.535, 866108, 1, 46031, 0, NA
minionpar, 10, 029, 0, 0, 1.548, 825166, 1, 45814, 0, NA
minionpar, 10, 030, 0, 0, 1.632, 769117, 1, 43837, 0, NA
minionpar, 10, 031, 0, 0, 1.552, 699983, 1, 40194, 0, NA
minionpar, 10, 032, 0, 0, 1.495, 619583, 1, 35164, 0, NA
minionpar, 10, 033, 0, 0, 1.514, 531610, 1, 29200, 0, NA
minionpar, 10, 034, 0, 0, 1.636, 440212, 1, 22886, 0, NA
minionpar, 10, 035, 0, 0, 1.642, 350144, 1, 16825, 0, NA
minionpar, 10, 036, 0, 0, 1.65, 266646, 1, 11525, 0, NA
minionpar, 10, 037, 0, 0, 1.591, 191279, 1, 7305, 0, NA
minionpar, 10, 038, 0, 0, 2.167, 122453, 1, 4249, 0, NA
minionpar, 10, 039, 0, 0, 1.921, 67566, 1, 2244, 0, NA
minionpar, 10, 040, 0, 0, 2.243, 27553, 1, 1061, 0, NA
minionpar, 10, 041, 0, 0, 1.82, 3991, 1, 440, 0, NA
minionpar, 10, 042, 0, 0, 1.767, 942, 1, 155, 0, NA
minionpar, 10, 043, 0, 0, 1.336, 160, 1, 44, 0, NA
minionpar, 10, 044, 0, 0, 1.134, 18, 1, 9, 0, NA
minionpar, 10, 045, 0, 0, 1.206, 1, 1, 1, 0, NA
minionpar, 11, 000, 0, 0, 1.547, 1, 1, 1, 0, NA
minionpar, 11, 001, 0, 0, 1.521, 4, 1, 2, 0, NA
minionpar, 11, 002, 0, 0, 1.578, 20, 1, 5, 0, NA
minionpar, 11, 003, 0, 0, 1.694, 59, 1, 10, 0, NA
minionpar, 11, 004, 0, 0, 2.054, 199, 1, 20, 0, NA
minionpar, 11, 005, 0, 0, 2.754, 496, 1, 36, 0, NA
minionpar, 11, 006, 0, 0, 3.579, 33465, 1, 65, 0, NA
minionpar, 11, 007, 0, 0, 2.984, 100510, 1, 110, 0, NA
minionpar, 11, 008, 0, 0, 2.97, 201657, 1, 185, 0, NA
minionpar, 11, 009, 0, 0, 2.249, 372547, 1, 300, 0, NA
minionpar, 11, 010, 0, 0, 2.361, 512074, 1, 477, 0, NA
minionpar, 11, 011, 0, 0, 2.238, 663450, 1, 738, 0, NA
minionpar, 11, 012, 0, 0, 2.294, 842040, 1, 1127, 0, NA
minionpar, 11, 013, 0, 0, 2.289, 1048382, 1, 1682, 0, NA
minionpar, 11, 014, 0, 0, 2.263, 1280054, 1, 2477, 0, NA
minionpar, 11, 015, 0, 0, 2.247, 1537586, 1, 3584, 0, NA
minionpar, 11, 016, 0, 0, 2.262, 1819390, 1, 5134, 0, NA
minionpar, 11, 017, 0, 0, 3.529, 2128415, 1, 7240, 0, NA
minionpar, 11, 018, 0, 0, 2.247, 2461293, 1, 10100, 0, NA
minionpar, 11, 019, 0, 0, 2.226, 2814189, 1, 13915, 0, NA
minionpar, 11, 020, 0, 0, 2.256, 3181506, 1, 18976, 0, NA
minionpar, 11, 021, 0, 0, 2.221, 3559066, 1, 25563, 0, NA
minionpar, 11, 022, 0, 0, 2.238, 3943802, 1, 34017, 0, NA
minionpar, 11, 023, 0, 0, 2.256, 4329786, 1, 44640, 0, NA
minionpar, 11, 024, 0, 0, 2.239, 4710934, 1, 57739, 0, NA
minionpar, 11, 025, 0, 0, 2.264, 5080605, 1, 73421, 0, NA
minionpar, 11, 026, 0, 0, 2.245, 5429790, 1, 91706, 0, NA
minionpar, 11, 027, 0, 0, 2.23, 5750467, 1, 112369, 0, NA
minionpar, 11, 028, 0, 0, 2.261, 6034101, 1, 134995, 0, NA
minionpar, 11, 029, 0, 0, 2.239, 6272250, 1, 158843, 0, NA
minionpar, 11, 030, 0, 0, 2.225, 6455764, 1, 182924, 0, NA
minionpar, 11, 031, 0, 0, 2.239, 6575801, 1, 206000, 0, NA
minionpar, 11, 032, 0, 0, 2.255, 6624101, 1, 226726, 0, NA
minionpar, 11, 033, 0, 0, 2.248, 6593642, 1, 243633, 0, NA
minionpar, 11, 034, 0, 0, 2.265, 6478988, 1, 255287, 0, NA
minionpar, 11, 035, 0, 0, 2.216, 6277243, 1, 260495, 0, NA
minionpar, 11, 036, 0, 0, 2.208, 5988512, 1, 258437, 0, NA
minionpar, 11, 037, 0, 0, 2.243, 5617036, 1, 248816, 0, NA
minionpar, 11, 038, 0, 0, 2.245, 5170342, 1, 231917, 0, NA
minionpar, 11, 039, 0, 0, 2.265, 4660686, 1, 208703, 0, NA
minionpar, 11, 040, 0, 0, 2.246, 4105937, 1, 180729, 0, NA
minionpar, 11, 041, 0, 0, 2.242, 3525149, 1, 150024, 0, NA
minionpar, 11, 042, 0, 0, 2.271, 2940304, 1, 118859, 0, NA
minionpar, 11, 043, 0, 0, 2.212, 2375076, 1, 89438, 0, NA
minionpar, 11, 044, 0, 0, 2.352, 1851924, 1, 63590, 0, NA
minionpar, 11, 045, 0, 0, 2.315, 1390354, 1, 42483, 0, NA
minionpar, 11, 046, 0, 0, 2.271, 991299, 1, 26505, 0, NA
minionpar, 11, 047, 0, 0, 2.924, 645169, 1, 15335, 0, NA
minionpar, 11, 048, 0, 0, 2.901, 370825, 1, 8157, 0, NA
minionpar, 11, 049, 0, 0, 2.883, 178484, 1, 3945, 0, NA
minionpar, 11, 050, 0, 0, 4.955, 59318, 1, 1709, 0, NA
minionpar, 11, 051, 0, 0, 2.485, 6789, 1, 649, 0, NA
minionpar, 11, 052, 0, 0, 2.221, 1377, 1, 209, 0, NA
minionpar, 11, 053, 0, 0, 1.856, 202, 1, 54, 0, NA
minionpar, 11, 054, 0, 0, 1.539, 20, 1, 10, 0, NA
minionpar, 11, 055, 0, 0, 1.586, 1, 1, 1, 0, NA
minionpar, 12, 000, 0, 0, 2.158, 1, 1, 1, 0, NA
minionpar, 12, 001, 0, 0, 2.159, 4, 1, 2, 0, NA
minionpar, 12, 002, 0, 0, 2.145, 20, 1, 5, 0, NA
minionpar, 12, 003, 0, 0, 2.335, 59, 1, 10, 0, NA
minionpar, 12, 004, 0, 0, 2.791, 199, 1, 20, 0, NA
minionpar, 12, 005, 0, 0, 3.537, 465, 1, 36, 0, NA
minionpar, 12, 006, 0, 0, 5.432, 48679, 1, 65, 0, NA
minionpar, 12, 007, 0, 0, 6.584, 193079, 1, 110, 0, NA
minionpar, 12, 008, 0, 0, 4.77, 479005, 1, 185, 0, NA
minionpar, 12, 009, 0, 0, 4.512, 875584, 1, 300, 0, NA
minionpar, 12, 010, 0, 0, 3.344, 1491199, 1, 481, 0, NA
minionpar, 12, 011, 0, 0, 3.349, 2039561, 1, 748, 0, NA
minionpar, 12, 012, 0, 0, 3.334, 2660264, 1, 1151, 0, NA
minionpar, 12, 013, 0, 0, 3.288, 3407276, 1, 1732, 0, NA
minionpar, 12, 014, 0, 0, 3.276, 4284770, 1, 2577, 0, NA
minionpar, 12, 015, 0, 0, 3.266, 5303222, 1, 3768, 0, NA
minionpar, 12, 016, 0, 0, 3.371, 6461959, 1, 5450, 0, NA
minionpar, 12, 017, 0, 0, 3.326, 7770184, 1, 7766, 0, NA
minionpar, 12, 018, 0, 0, 3.296, 9227254, 1, 10976, 0, NA
minionpar, 12, 019, 0, 0, 3.311, 10843921, 1, 15312, 0, NA
minionpar, 12, 020, 0, 0, 3.313, 12613786, 1, 21171, 0, NA
minionpar, 12, 021, 0, 0, 3.243, 14529177, 1, 28973, 0, NA
minionpar, 12, 022, 0, 0, 3.28, 16579386, 1, 39338, 0, NA
minionpar, 12, 023, 0, 0, 3.324, 18753249, 1, 52919, 0, NA
minionpar, 12, 024, 0, 0, 3.285, 21035865, 1, 70657, 0, NA
minionpar, 12, 025, 0, 0, 3.327, 23412634, 1, 93482, 0, NA
minionpar, 12, 026, 0, 0, 7.847, 25862615, 1, 122650, 0, NA
minionpar, 12, 027, 0, 0, 3.287, 28367881, 1, 159379, 0, NA
minionpar, 12, 028, 0, 0, 3.286, 30901436, 1, 205068, 0, NA
minionpar, 12, 029, 0, 0, 3.277, 33430132, 1, 260922, 0, NA
minionpar, 12, 030, 0, 0, 3.257, 35918664, 1, 328043, 0, NA
minionpar, 12, 031, 0, 0, 3.292, 38332680, 1, 406988, 0, NA
minionpar, 12, 032, 0, 0, 3.304, 40635086, 1, 497946, 0, NA
minionpar, 12, 033, 0, 0, 3.321, 42787956, 1, 600332, 0, NA
minionpar, 12, 034, 0, 0, 3.339, 44747195, 1, 712814, 0, NA
minionpar, 12, 035, 0, 0, 3.257, 46466661, 1, 833046, 0, NA
minionpar, 12, 036, 0, 0, 3.278, 47897763, 1, 957754, 0, NA
minionpar, 12, 037, 0, 0, 3.254, 48994367, 1, 1082618, 0, NA
minionpar, 12, 038, 0, 0, 3.262, 49710917, 1, 1202737, 0, NA
minionpar, 12, 039, 0, 0, 3.303, 50006838, 1, 1312433, 0, NA
minionpar, 12, 040, 0, 0, 3.254, 49845799, 1, 1405748, 0, NA
minionpar, 12, 041, 0, 0, 3.342, 49198706, 1, 1476811, 0, NA
minionpar, 12, 042, 0, 0, 3.243, 48045060, 1, 1520435, 0, NA
minionpar, 12, 043, 0, 0, 3.374, 46380158, 1, 1532418, 0, NA
minionpar, 12, 044, 0, 0, 3.275, 44211400, 1, 1510261, 0, NA
minionpar, 12, 045, 0, 0, 3.305, 41567828, 1, 1453332, 0, NA
minionpar, 12, 046, 0, 0, 3.353, 38498256, 1, 1363362, 0, NA
minionpar, 12, 047, 0, 0, 3.351, 35072748, 1, 1244394, 0, NA
minionpar, 12, 048, 0, 0, 3.287, 31377112, 1, 1102583, 0, NA
minionpar, 12, 049, 0, 0, 3.307, 27517908, 1, 945877, 0, NA
minionpar, 12, 050, 0, 0, 3.261, 23612007, 1, 783284, 0, NA
minionpar, 12, 051, 0, 0, 3.291, 19777982, 1, 623990, 0, NA
minionpar, 12, 052, 0, 0, 3.323, 16134188, 1, 476398, 0, NA
minionpar, 12, 053, 0, 0, 3.355, 12783648, 1, 347139, 0, NA
minionpar, 12, 054, 0, 0, 3.326, 9813555, 1, 240351, 0, NA
minionpar, 12, 055, 0, 0, 3.422, 7281266, 1, 157371, 0, NA
minionpar, 12, 056, 0, 0, 3.395, 5167420, 1, 96926, 0, NA
minionpar, 12, 057, 0, 0, 4.49, 3400686, 1, 55817, 0, NA
minionpar, 12, 058, 0, 0, 4.398, 2015387, 1, 29840, 0, NA
minionpar, 12, 059, 0, 0, 5.288, 1029929, 1, 14678, 0, NA
minionpar, 12, 060, 0, 0, 4.208, 439477, 1, 6567, 0, NA
minionpar, 12, 061, 0, 0, 5.089, 127580, 1, 2631, 0, NA
minionpar, 12, 062, 0, 0, 3.537, 11745, 1, 923, 0, NA
minionpar, 12, 063, 0, 0, 3.081, 1931, 1, 274, 0, NA
minionpar, 12, 064, 0, 0, 2.454, 249, 1, 65, 0, NA
minionpar, 12, 065, 0, 0, 2.144, 22, 1, 11, 0, NA
minionpar, 12, 066, 0, 0, 2.137, 1, 1, 1, 0, NA
minionpar, 13, 000, 0, 0, 2.937, 1, 1, 1, 0, NA
minionpar, 13, 001, 0, 0, 2.863, 4, 1, 2, 0, NA
minionpar, 13, 002, 0, 0, 2.842, 20, 1, 5, 0, NA
minionpar, 13, 003, 0, 0, 3.135, 59, 1, 10, 0, NA
minionpar, 13, 004, 0, 0, 3.943, 199, 1, 20, 0, NA
minionpar, 13, 005, 0, 0, 4.538, 465, 1, 36, 0, NA
minionpar, 13, 006, 0, 0, 9.569, 41991, 1, 65, 0, NA
minionpar, 13, 007, 0, 0, 8.14, 374955, 1, 110, 0, NA
minionpar, 13, 008, 0, 0, 13.352, 947759, 1, 185, 0, NA
minionpar, 13, 009, 0, 0, 6.549, 2137373, 1, 300, 0, NA
minionpar, 13, 010, 0, 0, 6.579, 3588838, 1, 481, 0, NA
minionpar, 13, 011, 0, 0, 4.671, 5794865, 1, 752, 0, NA
minionpar, 13, 012, 0, 0, 4.815, 7916655, 1, 1161, 0, NA
minionpar, 13, 013, 0, 0, 4.771, 10386929, 1, 1756, 0, NA
minionpar, 13, 014, 0, 0, 4.682, 13382767, 1, 2627, 0, NA
minionpar, 13, 015, 0, 0, 4.774, 16980711, 1, 3868, 0, NA
minionpar, 13, 016, 0, 0, 4.672, 21226857, 1, 5634, 0, NA
minionpar, 13, 017, 0, 0, 4.751, 26181143, 1, 8098, 0, NA
minionpar, 13, 018, 0, 0, 4.605, 31885606, 1, 11526, 0, NA
minionpar, 13, 019, 0, 0, 5.107, 38384819, 1, 16216, 0, NA
minionpar, 13, 020, 0, 0, 4.703, 45710844, 1, 22632, 0, NA
minionpar, 13, 021, 0, 0, 4.604, 53924057, 1, 31266, 0, NA
minionpar, 13, 022, 0, 0, 4.691, 63032492, 1, 42845, 0, NA
minionpar, 13, 023, 0, 0, 4.74, 73052796, 1, 58213, 0, NA
minionpar, 13, 024, 0, 0, 4.706, 83980504, 1, 78531, 0, NA
minionpar, 13, 025, 0, 0, 4.805, 95796927, 1, 105137, 0, NA
minionpar, 13, 026, 0, 0, 4.893, 108462906, 1, 139867, 0, NA
minionpar, 13, 027, 0, 0, 4.684, 121946672, 1, 184814, 0, NA
minionpar, 13, 028, 0, 0, 4.655, 136201553, 1, 242710, 0, NA
minionpar, 13, 029, 0, 0, 4.695, 151174320, 1, 316693, 0, NA
minionpar, 13, 030, 0, 0, 4.722, 166789460, 1, 410669, 0, NA
minionpar, 13, 031, 0, 0, 4.587, 182953059, 1, 528943, 0, NA
minionpar, 13, 032, 0, 0, 4.695, 199552088, 1, 676748, 0, NA
minionpar, 13, 033, 0, 0, 4.678, 216474679, 1, 859401, 0, NA
minionpar, 13, 034, 0, 0, 4.669, 233579484, 1, 1082745, 0, NA
minionpar, 13, 035, 0, 0, 4.661, 250716913, 1, 1352295, 0, NA
minionpar, 13, 036, 0, 0, 9.749, 267721779, 1, 1673211, 0, NA
minionpar, 13, 037, 0, 0, 4.669, 284418782, 1, 2049259, 0, NA
minionpar, 13, 038, 0, 0, 4.641, 300613586, 1, 2483103, 0, NA
minionpar, 13, 039, 0, 0, 4.721, 316101388, 1, 2975033, 0, NA
minionpar, 13, 040, 0, 0, 4.699, 330658213, 1, 3522944, 0, NA
minionpar, 13, 041, 0, 0, 4.633, 344050357, 1, 4121303, 0, NA
minionpar, 13, 042, 0, 0, 4.598, 356037505, 1, 4761111, 0, NA
minionpar, 13, 043, 0, 0, 4.859, 366372302, 1, 5429597, 0, NA
minionpar, 13, 044, 0, 0, 4.744, 374799814, 1, 6110716, 0, NA
minionpar, 13, 045, 0, 0, 4.674, 381069172, 1, 6784483, 0, NA
minionpar, 13, 046, 0, 0, 4.663, 384935126, 1, 7428206, 0, NA
minionpar, 13, 047, 0, 0, 4.671, 386172858, 1, 8016965, 0, NA
minionpar, 13, 048, 0, 0, 4.685, 384589588, 1, 8524953, 0, NA
minionpar, 13, 049, 0, 0, 4.61, 380032991, 1, 8926906, 0, NA
minionpar, 13, 050, 0, 0, 7.137, 372394059, 1, 9199759, 0, NA
minionpar, 13, 051, 0, 0, 4.711, 361628920, 1, 9324202, 0, NA
minionpar, 13, 052, 0, 0, 4.621, 347767943, 1, 9286704, 0, NA
minionpar, 13, 053, 0, 0, 4.717, 330923094, 1, 9080954, 0, NA
minionpar, 13, 054, 0, 0, 4.612, 311306825, 1, 8708767, 0, NA
minionpar, 13, 055, 0, 0, 4.714, 289232353, 1, 8181018, 0, NA
minionpar, 13, 056, 0, 0, 4.589, 265113799, 1, 7517382, 0, NA
minionpar, 13, 057, 0, 0, 4.692, 239460485, 1, 6745665, 0, NA
minionpar, 13, 058, 0, 0, 4.733, 212860897, 1, 5900205, 0, NA
minionpar, 13, 059, 0, 0, 4.702, 185951118, 1, 5019508, 0, NA
minionpar, 13, 060, 0, 0, 4.635, 159396626, 1, 4143349, 0, NA
minionpar, 13, 061, 0, 0, 4.746, 133851921, 1, 3309448, 0, NA
minionpar, 13, 062, 0, 0, 4.725, 109900310, 1, 2550134, 0, NA
minionpar, 13, 063, 0, 0, 4.742, 88056292, 1, 1889474, 0, NA
minionpar, 13, 064, 0, 0, 4.69, 68707215, 1, 1341347, 0, NA
minionpar, 13, 065, 0, 0, 4.855, 52088295, 1, 908855, 0, NA
minionpar, 13, 066, 0, 0, 6.129, 38278308, 1, 585320, 0, NA
minionpar, 13, 067, 0, 0, 4.819, 27046622, 1, 356654, 0, NA
minionpar, 13, 068, 0, 0, 6.45, 17946555, 1, 204550, 0, NA
minionpar, 13, 069, 0, 0, 6.206, 10886237, 1, 109754, 0, NA
minionpar, 13, 070, 0, 0, 7.865, 5826213, 1, 54694, 0, NA
minionpar, 13, 071, 0, 0, 7.694, 2676702, 1, 25083, 0, NA
minionpar, 13, 072, 0, 0, 6.306, 1014447, 1, 10461, 0, NA
minionpar, 13, 073, 0, 0, 8.97, 266121, 1, 3904, 0, NA
minionpar, 13, 074, 0, 0, 5.445, 19356, 1, 1274, 0, NA
minionpar, 13, 075, 0, 0, 4.243, 2618, 1, 351, 0, NA
minionpar, 13, 076, 0, 0, 3.319, 301, 1, 77, 0, NA
minionpar, 13, 077, 0, 0, 2.84, 24, 1, 12, 0, NA
minionpar, 13, 078, 0, 0, 2.83, 1, 1, 1, 0, NA
minionpar, 14, 000, 0, 0, 3.678, 1, 1, 1, 0, NA
minionpar, 14, 001, 0, 0, 3.802, 4, 1, 2, 0, NA
minionpar, 14, 002, 0, 0, 3.929, 20, 1, 5, 0, NA
minionpar, 14, 003, 0, 0, 3.954, 59, 1, 10, 0, NA
minionpar, 14, 004, 0, 0, 4.98, 199, 1, 20, 0, NA
minionpar, 14, 005, 0, 0, 6.177, 465, 1, 36, 0, NA
minionpar, 14, 006, 0, 0, 10.141, 1408, 1, 65, 0, NA
minionpar, 14, 007, 0, 0, 11.67, 578430, 1, 110, 0, NA
minionpar, 14, 008, 0, 0, 16.973, 1863303, 1, 185, 0, NA
minionpar, 14, 009, 0, 0, 12.067, 4396580, 1, 300, 0, NA
minionpar, 14, 010, 0, 0, 13.089, 8885021, 1, 481, 0, NA
minionpar, 14, 011, 0, 0, 9.49, 14065671, 1, 752, 0, NA
minionpar, 14, 012, 0, 0, 6.563, 21924715, 1, 1165, 0, NA
minionpar, 14, 013, 0, 0, 6.647, 29954946, 1, 1766, 0, NA
minionpar, 14, 014, 0, 0, 6.6, 39438317, 1, 2651, 0, NA
minionpar, 14, 015, 0, 0, 6.719, 51129704, 1, 3918, 0, NA
minionpar, 14, 016, 0, 0, 6.58, 65313283, 1, 5734, 0, NA
minionpar, 14, 017, 0, 0, 6.522, 82348405, 1, 8282, 0, NA
minionpar, 14, 018, 0, 0, 6.683, 102528216, 1, 11858, 0, NA
minionpar, 14, 019, 0, 0, 9.919, 126199493, 1, 16786, 0, NA
minionpar, 14, 020, 0, 0, 6.66, 153623945, 1, 23568, 0, NA
minionpar, 14, 021, 0, 0, 6.803, 185149123, 1, 32768, 0, NA
minionpar, 14, 022, 0, 0, 6.543, 221037373, 1, 45234, 0, NA
minionpar, 14, 023, 0, 0, 6.515, 261627456, 1, 61902, 0, NA
minionpar, 14, 024, 0, 0, 6.377, 307161286, 1, 84130, 0, NA
minionpar, 14, 025, 0, 0, 6.446, 357889651, 1, 113477, 0, NA
minionpar, 14, 026, 0, 0, 9.007, 413936210, 1, 152101, 0, NA
minionpar, 14, 027, 0, 0, 6.614, 475422716, 1, 202507, 0, NA
minionpar, 14, 028, 0, 0, 6.611, 542375139, 1, 268085, 0, NA
minionpar, 14, 029, 0, 0, 6.569, 614844293, 1, 352792, 0, NA
minionpar, 14, 030, 0, 0, 6.543, 692805970, 1, 461873, 0, NA
minionpar, 14, 031, 0, 0, 6.509, 776224051, 1, 601434, 0, NA
minionpar, 14, 032, 0, 0, 6.532, 864948012, 1, 779378, 0, NA
minionpar, 14, 033, 0, 0, 6.539, 958778617, 1, 1004933, 0, NA
minionpar, 14, 034, 0, 0, 6.585, 1057431351, 1, 1289658, 0, NA
minionpar, 14, 035, 0, 0, 6.467, 1160552241, 1, 1646934, 0, NA
minionpar, 14, 036, 0, 0, 6.507, 1267725347, 1, 2093048, 0, NA
minionpar, 14, 037, 0, 0, 6.58, 1378493138, 1, 2646379, 0, NA
minionpar, 14, 038, 0, 0, 6.57, 1492311490, 1, 3328246, 0, NA
minionpar, 14, 039, 0, 0, 6.384, 1608611182, 1, 4161918, 0, NA
minionpar, 14, 040, 0, 0, 6.47, 1726743349, 1, 5172714, 0, NA
minionpar, 14, 041, 0, 0, 6.533, 1845988059, 1, 6386373, 0, NA
minionpar, 14, 042, 0, 0, 9.321, 1965502225, 1, 7828508, 0, NA
minionpar, 14, 043, 0, 0, 26.112, 2084357420, 1, 9522733, 0, NA
minionpar, 14, 044, 0, 0, 6.523, 2201548260, 1, 11489526, 0, NA
minionpar, 14, 045, 0, 0, 15.238, 2316024461, 1, 13743958, 0, NA
minionpar, 14, 046, 0, 0, 6.591, 2426674504, 1, 16293863, 0, NA
minionpar, 14, 047, 0, 0, 6.614, 2532328666, 1, 19137553, 0, NA
minionpar, 14, 048, 0, 0, 6.614, 2631742607, 1, 22261739, 0, NA
minionpar, 14, 049, 0, 0, 6.589, 2723621577, 1, 25639875, 0, NA
minionpar, 14, 050, 0, 0, 6.537, 2806592109, 1, 29231363, 0, NA
minionpar, 14, 051, 0, 0, 6.472, 2879242135, 1, 32980735, 0, NA
minionpar, 14, 052, 0, 0, 6.479, 2940123908, 1, 36817019, 0, NA
minionpar, 14, 053, 0, 0, 6.687, 2987800963, 1, 40654179, 0, NA
minionpar, 14, 054, 0, 0, 6.709, 3020867420, 1, 44392962, 0, NA
minionpar, 14, 055, 0, 0, 9.053, 3038005510, 1, 47923735, 0, NA
minionpar, 14, 056, 0, 0, 25.709, 3038003345, 1, 51130659, 0, NA
minionpar, 14, 057, 0, 0, 6.568, 3019819403, 1, 53895499, 0, NA
minionpar, 14, 058, 0, 0, 6.522, 2982623900, 1, 56103883, 0, NA
minionpar, 14, 059, 0, 0, 6.545, 2925864527, 1, 57651083, 0, NA
minionpar, 14, 060, 0, 0, 16.107, 2849304513, 1, 58449426, 0, NA
minionpar, 14, 061, 0, 0, 6.489, 2753113568, 1, 58434016, 0, NA
minionpar, 14, 062, 0, 0, 6.584, 2637877008, 1, 57568752, 0, NA
minionpar, 14, 063, 0, 0, 7.986, 2504674808, 1, 55850308, 0, NA
minionpar, 14, 064, 0, 0, 6.524, 2355106271, 1, 53311557, 0, NA
minionpar, 14, 065, 0, 0, 6.672, 2191284775, 1, 50022072, 0, NA
minionpar, 14, 066, 0, 0, 6.598, 2015841885, 1, 46086928, 0, NA
minionpar, 14, 067, 0, 0, 6.519, 1831861780, 1, 41642277, 0, NA
minionpar, 14, 068, 0, 0, 6.569, 1642812828, 1, 36848884, 0, NA
minionpar, 14, 069, 0, 0, 6.64, 1452400252, 1, 31883087, 0, NA
minionpar, 14, 070, 0, 0, 6.599, 1264435308, 1, 26925705, 0, NA
minionpar, 14, 071, 0, 0, 7.024, 1082639840, 1, 22150177, 0, NA
minionpar, 14, 072, 0, 0, 6.42, 910490544, 1, 17710326, 0, NA
minionpar, 14, 073, 0, 0, 6.463, 751000727, 1, 13729404, 0, NA
minionpar, 14, 074, 0, 0, 16.148, 606588767, 1, 10291806, 0, NA
minionpar, 14, 075, 0, 0, 6.662, 478952436, 1, 7438549, 0, NA
minionpar, 14, 076, 0, 0, 6.591, 369026400, 1, 5167568, 0, NA
minionpar, 14, 077, 0, 0, 6.795, 276909588, 1, 3438956, 0, NA
minionpar, 14, 078, 0, 0, 6.721, 201890687, 1, 2184374, 0, NA
minionpar, 14, 079, 0, 0, 6.841, 142097437, 1, 1319008, 0, NA
minionpar, 14, 080, 0, 0, 10.12, 94813141, 1, 753765, 0, NA
minionpar, 14, 081, 0, 0, 9.148, 58583354, 1, 405551, 0, NA
minionpar, 14, 082, 0, 0, 34.298, 32691550, 1, 204183, 0, NA
minionpar, 14, 083, 0, 0, 11.262, 15809824, 1, 95482, 0, NA
minionpar, 14, 084, 0, 0, 10.876, 6556319, 1, 41084, 0, NA
minionpar, 14, 085, 0, 0, 11.86, 2268707, 1, 16068, 0, NA
minionpar, 14, 086, 0, 0, 10.531, 562095, 1, 5618, 0, NA
minionpar, 14, 087, 0, 0, 7.604, 30219, 1, 1715, 0, NA
minionpar, 14, 088, 0, 0, 5.482, 3452, 1, 441, 0, NA
minionpar, 14, 089, 0, 0, 5.451, 358, 1, 90, 0, NA
minionpar, 14, 090, 0, 0, 3.719, 26, 1, 13, 0, NA
minionpar, 14, 091, 0, 0, 3.655, 1, 1, 1, 0, NA
minionpar, 15, 000, 0, 0, 40.423, 1, 1, 1, 0, NA
minionpar, 15, 001, 0, 0, 40.32, 4, 1, 2, 0, NA
minionpar, 15, 002, 0, 0, 40.216, 20, 1, 5, 0, NA
minionpar, 15, 003, 0, 0, 41.155, 59, 1, 10, 0, NA
minionpar, 15, 004, 0, 0, 41.551, 199, 1, 20, 0, NA
minionpar, 15, 005, 0, 0, 43.446, 465, 1, 36, 0, NA
minionpar, 15, 006, 0, 0, 47.41, 1408, 1, 65, 0, NA
minionpar, 15, 007, 0, 0, 54.624, 390160, 1, 110, 0, NA
minionpar, 15, 008, 0, 0, 50.49, 3483568, 1, 185, 0, NA
minionpar, 15, 009, 0, 0, 50.567, 8834166, 1, 300, 0, NA
minionpar, 15, 010, 0, 0, 48.304, 20194383, 1, 481, 0, NA
minionpar, 15, 011, 0, 0, 47.78, 34926245, 1, 752, 0, NA
minionpar, 15, 012, 0, 0, 47.736, 53119063, 1, 1165, 0, NA
minionpar, 15, 013, 0, 0, 44.896, 80923785, 1, 1770, 0, NA
minionpar, 15, 014, 0, 0, 44.894, 110390911, 1, 2661, 0, NA
minionpar, 15, 015, 0, 0, 45.158, 145954724, 1, 3942, 0, NA
minionpar, 15, 016, 0, 0, 43.06, 190085056, 1, 5784, 0, NA
minionpar, 15, 017, 0, 0, 43.849, 244303882, 1, 8382, 0, NA
minionpar, 15, 018, 0, 0, 9.07, 310106085, 1, 12042, 0, NA
minionpar, 15, 019, 0, 0, 44.027, 389158242, 1, 17118, 0, NA
minionpar, 15, 020, 0, 0, 8.695, 483066374, 1, 24138, 0, NA
minionpar, 15, 021, 0, 0, 8.585, 593637534, 1, 33728, 0, NA
minionpar, 15, 022, 0, 0, 8.647, 722612679, 1, 46776, 0, NA
minionpar, 15, 023, 0, 0, 8.673, 871849541, 1, 64346, 0, NA
minionpar, 15, 024, 0, 0, 45.542, 1043129085, 1, 87939, 0, NA
minionpar, 15, 025, 0, 0, 11.484, 1238499259, 1, 119306, 0, NA
minionpar, 15, 026, 0, 0, 9.36, 1459615974, 1, 160848, 0, NA
minionpar, 15, 027, 0, 0, 16.55, 1708277488, 1, 215461, 0, NA
minionpar, 15, 028, 0, 0, 9.384, 1985937781, 1, 286965, 0, NA
minionpar, 15, 029, 0, 0, 9.298, 2294147385, 1, 379951, 0, NA
minionpar, 15, 030, 0, 0, 8.632, 2634202405, 1, 500446, 0, NA
minionpar, 15, 031, 0, 0, 9.16, 3007271218, 1, 655656, 0, NA
minionpar, 15, 032, 0, 0, 8.583, 3414196016, 1, 854909, 0, NA
minionpar, 15, 033, 0, 0, 8.65, 3855686301, 1, 1109409, 0, NA
minionpar, 15, 034, 0, 0, 14.987, 4332133240, 1, 1433363, 0, NA
minionpar, 15, 035, 0, 0, 8.679, 4843716917, 1, 1843853, 0, NA
minionpar, 15, 036, 0, 0, 8.704, 5390394183, 1, 2362403, 0, NA
minionpar, 15, 037, 0, 0, 8.692, 5971954404, 1, 3014567, 0, NA
minionpar, 15, 038, 0, 0, 44.733, 6587671048, 1, 3832210, 0, NA
minionpar, 15, 039, 0, 0, 8.495, 7236607149, 1, 4853039, 0, NA
minionpar, 15, 040, 0, 0, 8.733, 7917358933, 1, 6123185, 0, NA
minionpar, 15, 041, 0, 0, 9.217, 8628314110, 1, 7696477, 0, NA
minionpar, 15, 042, 0, 0, 8.686, 9367450551, 1, 9637475, 0, NA
minionpar, 15, 043, 0, 0, 8.637, 10132457502, 1, 12020188, 0, NA
minionpar, 15, 044, 0, 0, 8.437, 10920629348, 1, 14931099, 0, NA
minionpar, 15, 045, 0, 0, 10.989, 11729092706, 1, 18466282, 0, NA
minionpar, 15, 046, 0, 0, 8.64, 12554589442, 1, 22733292, 0, NA
minionpar, 15, 047, 0, 0, 8.491, 13393533602, 1, 27846913, 0, NA
minionpar, 15, 048, 0, 0, 8.546, 14241910500, 1, 33929523, 0, NA
minionpar, 15, 049, 0, 0, 14.856, 15095321366, 1, 41103928, 0, NA
minionpar, 15, 050, 0, 0, 16.743, 15948882378, 1, 49492330, 0, NA
minionpar, 15, 051, 0, 0, 8.696, 16797321158, 1, 59207662, 0, NA
minionpar, 15, 052, 0, 0, 8.503, 17634945308, 1, 70350477, 0, NA
minionpar, 15, 053, 0, 0, 8.707, 18455714389, 1, 82998129, 0, NA
minionpar, 15, 054, 0, 0, 8.608, 19253202175, 1, 97199729, 0, NA
minionpar, 15, 055, 0, 0, 8.781, 20020635585, 1, 112964590, 0, NA
minionpar, 15, 056, 0, 0, 8.697, 20750861927, 1, 130259020, 0, NA
minionpar, 15, 057, 0, 0, 8.556, 21436459443, 1, 148994844, 0, NA
minionpar, 15, 058, 0, 0, 8.593, 22069672682, 1, 169026481, 0, NA
minionpar, 15, 059, 0, 0, 8.725, 22642464844, 1, 190144140, 0, NA
minionpar, 15, 060, 0, 0, 8.716, 23146559960, 1, 212072813, 0, NA
minionpar, 15, 061, 0, 0, 16.278, 23573547845, 1, 234468303, 0, NA
minionpar, 15, 062, 0, 0, 8.573, 23914956998, 1, 256923431, 0, NA
minionpar, 15, 063, 0, 0, 10.265, 24162460323, 1, 278971752, 0, NA
minionpar, 15, 064, 0, 0, 9.533, 24308071617, 1, 300099958, 0, NA
minionpar, 15, 065, 0, 0, 8.778, 24344368205, 1, 319758856, 0, NA
minionpar, 15, 066, 0, 0, 8.582, 24264714953, 1, 337381647, 0, NA
minionpar, 15, 067, 0, 0, 9.361, 24063558706, 1, 352404340, 0, NA
minionpar, 15, 068, 0, 0, 8.428, 23736638590, 1, 364292662, 0, NA
minionpar, 15, 069, 0, 0, 9.322, 23281277762, 1, 372564950, 0, NA
minionpar, 15, 070, 0, 0, 8.734, 22696668878, 1, 376818759, 0, NA
minionpar, 15, 071, 0, 0, 8.601, 21984129034, 1, 376755552, 0, NA
minionpar, 15, 072, 0, 0, 8.645, 21147397489, 1, 372202217, 0, NA
minionpar, 15, 073, 0, 0, 8.713, 20192827515, 1, 363128958, 0, NA
minionpar, 15, 074, 0, 0, 9.355, 19129494316, 1, 349661138, 0, NA
minionpar, 15, 075, 0, 0, 9.186, 17969298550, 1, 332083400, 0, NA
minionpar, 15, 076, 0, 0, 8.635, 16726972473, 1, 310836526, 0, NA
minionpar, 15, 077, 0, 0, 16.515, 15419830905, 1, 286505241, 0, NA
minionpar, 15, 078, 0, 0, 8.732, 14067363169, 1, 259795766, 0, NA
minionpar, 15, 079, 0, 0, 9.34, 12690835095, 1, 231506261, 0, NA
minionpar, 15, 080, 0, 0, 9.286, 11312559549, 1, 202488149, 0, NA
minionpar, 15, 081, 0, 0, 8.497, 9955176239, 1, 173602270, 0, NA
minionpar, 15, 082, 0, 0, 12.162, 8640774840, 1, 145672010, 0, NA
minionpar, 15, 083, 0, 0, 8.695, 7389877576, 1, 119436252, 0, NA
minionpar, 15, 084, 0, 0, 8.697, 6220598439, 1, 95507014, 0, NA
minionpar, 15, 085, 0, 0, 9.188, 5147927244, 1, 74335502, 0, NA
minionpar, 15, 086, 0, 0, 8.743, 4182981550, 1, 56190580, 0, NA
minionpar, 15, 087, 0, 0, 8.626, 3332663087, 1, 41153099, 0, NA
minionpar, 15, 088, 0, 0, 8.621, 2599603910, 1, 29127256, 0, NA
minionpar, 15, 089, 0, 0, 8.678, 1982071685, 1, 19868173, 0, NA
minionpar, 15, 090, 0, 0, 9.263, 1474494706, 1, 13022372, 0, NA
minionpar, 15, 091, 0, 0, 9.072, 1067916990, 1, 8175257, 0, NA
minionpar, 15, 092, 0, 0, 8.968, 749058966, 1, 4898494, 0, NA
minionpar, 15, 093, 0, 0, 12.65, 501710431, 1, 2790418, 0, NA
minionpar, 15, 094, 0, 0, 13.711, 314467378, 1, 1504468, 0, NA
minionpar, 15, 095, 0, 0, 11.996, 180265008, 1, 763742, 0, NA
minionpar, 15, 096, 0, 0, 15.046, 92616870, 1, 362800, 0, NA
minionpar, 15, 097, 0, 0, 15.682, 40577746, 1, 160045, 0, NA
minionpar, 15, 098, 0, 0, 21.887, 15210905, 1, 64938, 0, NA
minionpar, 15, 099, 0, 0, 63.077, 5016394, 1, 23933, 0, NA
minionpar, 15, 100, 0, 0, 16.921, 1124420, 1, 7877, 0, NA
minionpar, 15, 101, 0, 0, 10.964, 45014, 1, 2260, 0, NA
minionpar, 15, 102, 0, 0, 6.988, 4447, 1, 545, 0, NA
minionpar, 15, 103, 0, 0, 5.587, 420, 1, 104, 0, NA
minionpar, 15, 104, 0, 0, 5.283, 28, 1, 14, 0, NA
minionpar, 15, 105, 0, 0, 4.909, 1, 1, 1, 0, NA
minionpar, 16, 000, 0, 0, 6.654, 1, 1, 1, 0, NA
minionpar, 16, 001, 0, 0, 6.12, 4, 1, 2, 0, NA
minionpar, 16, 002, 0, 0, 6.878, 20, 1, 5, 0, NA
minionpar, 16, 003, 0, 0, 7.201, 59, 1, 10, 0, NA
minionpar, 16, 004, 0, 0, 8.972, 199, 1, 20, 0, NA
minionpar, 16, 005, 0, 0, 10.365, 465, 1, 36, 0, NA
minionpar, 16, 006, 0, 0, 16.109, 1408, 1, 65, 0, NA
minionpar, 16, 007, 0, 0, 31.718, 306621, 1, 110, 0, NA
minionpar, 16, 008, 0, 0, 27.591, 4965733, 1, 185, 0, NA
minionpar, 16, 009, 0, 0, 22.78, 16681203, 1, 300, 0, NA
minionpar, 16, 010, 0, 0, 47.46, 40157793, 1, 481, 0, NA
minionpar, 16, 011, 0, 0, 17.218, 80620420, 1, 752, 0, NA
minionpar, 16, 012, 0, 0, 17.395, 131328597, 1, 1165, 0, NA
minionpar, 16, 013, 0, 0, 17.485, 194804240, 1, 1770, 0, NA
minionpar, 16, 014, 0, 0, 11.849, 291280495, 1, 2665, 0, NA
minionpar, 16, 015, 0, 0, 12.472, 397339961, 1, 3952, 0, NA
minionpar, 16, 016, 0, 0, 12.032, 526743319, 1, 5808, 0, NA
minionpar, 16, 017, 0, 0, 11.879, 688907756, 1, 8432, 0, NA
minionpar, 16, 018, 0, 0, 11.929, 889641973, 1, 12142, 0, NA
minionpar, 16, 019, 0, 0, 11.644, 1135851234, 1, 17302, 0, NA
minionpar, 16, 020, 0, 0, 11.965, 1434353447, 1, 24470, 0, NA
minionpar, 16, 021, 0, 0, 11.71, 1793410714, 1, 34298, 0, NA
minionpar, 16, 022, 0, 0, 11.773, 2221054521, 1, 47736, 0, NA
minionpar, 16, 023, 0, 0, 11.81, 2726489439, 1, 65916, 0, NA
minionpar, 16, 024, 0, 0, 11.709, 3318991367, 1, 90431, 0, NA
minionpar, 16, 025, 0, 0, 11.812, 4008664313, 1, 123184, 0, NA
minionpar, 16, 026, 0, 0, 11.617, 4805241524, 1, 166825, 0, NA
minionpar, 16, 027, 0, 0, 11.737, 5719948666, 1, 224482, 0, NA
minionpar, 16, 028, 0, 0, 11.703, 6762986177, 1, 300396, 0, NA
minionpar, 16, 029, 0, 0, 11.619, 7945543506, 1, 399677, 0, NA
minionpar, 16, 030, 0, 0, 11.61, 9278463952, 1, 529060, 0, NA
minionpar, 16, 031, 0, 0, 11.624, 10772828400, 1, 696635, 0, NA
minionpar, 16, 032, 0, 0, 11.727, 12438708337, 1, 912963, 0, NA
minionpar, 16, 033, 0, 0, 11.779, 14285964148, 1, 1190716, 0, NA
minionpar, 16, 034, 0, 0, 11.655, 16323199736, 1, 1546182, 0, NA
minionpar, 16, 035, 0, 0, 11.614, 18559022261, 1, 1998983, 0, NA
minionpar, 16, 036, 0, 0, 11.69, 21001265945, 1, 2573979, 0, NA
minionpar, 16, 037, 0, 0, 11.388, 23657393398, 1, 3301057, 0, NA
minionpar, 16, 038, 0, 0, 11.454, 26533717300, 1, 4217831, 0, NA
minionpar, 16, 039, 0, 0, 11.324, 29635593371, 1, 5369411, 0, NA
minionpar, 16, 040, 0, 0, 11.637, 32966186068, 1, 6811907, 0, NA
minionpar, 16, 041, 0, 0, 11.52, 36527147521, 1, 8612799, 0, NA
minionpar, 16, 042, 0, 0, 11.873, 40318544137, 1, 10855057, 0, NA
minionpar, 16, 043, 0, 0, 11.753, 44339438200, 1, 13637971, 0, NA
minionpar, 16, 044, 0, 0, 11.802, 48587554907, 1, 17082759, 0, NA
minionpar, 16, 045, 0, 0, 11.662, 53059539040, 1, 21333456, 0, NA
minionpar, 16, 046, 0, 0, 11.395, 57750071190, 1, 26563478, 0, NA
minionpar, 16, 047, 0, 0, 11.625, 62652263758, 1, 32977848, 0, NA
minionpar, 16, 048, 0, 0, 11.55, 67757386475, 1, 40819720, 0, NA
minionpar, 16, 049, 0, 0, 11.867, 73054778677, 1, 50372522, 0, NA
minionpar, 16, 050, 0, 0, 11.458, 78531670487, 1, 61966432, 0, NA
minionpar, 16, 051, 0, 0, 12.025, 84173466241, 1, 75978896, 0, NA
minionpar, 16, 052, 0, 0, 11.607, 89963506958, 1, 92838269, 0, NA
minionpar, 16, 053, 0, 0, 11.385, 95883620808, 1, 113022355, 0, NA
minionpar, 16, 054, 0, 0, 11.522, 101914161479, 1, 137055643, 0, NA
minionpar, 16, 055, 0, 0, 11.543, 108033990114, 1, 165502617, 0, NA
minionpar, 16, 056, 0, 0, 11.557, 114220145275, 1, 198958934, 0, NA
minionpar, 16, 057, 0, 0, 11.774, 120447612822, 1, 238038181, 0, NA
minionpar, 16, 058, 0, 0, 11.737, 126688949844, 1, 283355613, 0, NA
minionpar, 16, 059, 0, 0, 11.676, 132914345912, 1, 335509136, 0, NA
minionpar, 16, 060, 0, 0, 11.671, 139091573260, 1, 395052220, 0, NA
minionpar, 16, 061, 0, 0, 11.832, 145185998852, 1, 462468762, 0, NA
minionpar, 16, 062, 0, 0, 11.672, 151160720185, 1, 538140281, 0, NA
minionpar, 16, 063, 0, 0, 11.598, 156976930284, 1, 622314940, 0, NA
minionpar, 16, 064, 0, 0, 11.7, 162593836890, 1, 715072313, 0, NA
minionpar, 16, 065, 0, 0, 11.408, 167968873508, 1, 816297050, 0, NA
minionpar, 16, 066, 0, 0, 11.444, 173057655086, 1, 925642301, 0, NA
minionpar, 16, 067, 0, 0, 11.748, 177814048915, 1, 1042505703, 0, NA
minionpar, 16, 068, 0, 0, 11.612, 182190144562, 1, 1166000558, 0, NA
minionpar, 16, 069, 0, 0, 11.609, 186136558478, 1, 1294943065, 0, NA
minionpar, 16, 070, 0, 0, 11.545, 189602649564, 1, 1427842450, 0, NA
minionpar, 16, 071, 0, 0, 11.488, 192537143559, 1, 1562906493, 0, NA
minionpar, 16, 072, 0, 0, 11.665, 194888772517, 1, 1698049582, 0, NA
minionpar, 16, 073, 0, 0, 11.598, 196607124956, 1, 1830924634, 0, NA
minionpar, 16, 074, 0, 0, 11.424, 197643489886, 1, 1958960855, 0, NA
minionpar, 16, 075, 0, 0, 11.68, 197952174955, 1, 2079420714, 0, NA
minionpar, 16, 076, 0, 0, 11.7, 197491610018, 1, 2189473150, 0, NA
minionpar, 16, 077, 0, 0, 11.554, 196225744118, 1, 2286281471, 0, NA
minionpar, 16, 078, 0, 0, 11.8, 194125470146, 1, 2367099521, 0, NA
minionpar, 16, 079, 0, 0, 11.529, 191170062727, 1, 2429376072, 0, NA
minionpar, 16, 080, 0, 0, 11.7, 187348559837, 1, 2470862411, 0, NA
minionpar, 16, 081, 0, 0, 11.472, 182661279345, 1, 2489718122, 0, NA
minionpar, 16, 082, 0, 0, 11.518, 177121149529, 1, 2484614612, 0, NA
minionpar, 16, 083, 0, 0, 11.745, 170754776805, 1, 2454817803, 0, NA
minionpar, 16, 084, 0, 0, 11.591, 163603701560, 1, 2400256435, 0, NA
minionpar, 16, 085, 0, 0, 11.601, 155724980211, 1, 2321566684, 0, NA
minionpar, 16, 086, 0, 0, 11.472, 147191519273, 1, 2220111388, 0, NA
minionpar, 16, 087, 0, 0, 11.544, 138091738447, 1, 2097965771, 0, NA
minionpar, 16, 088, 0, 0, 11.703, 128528747418, 1, 1957872779, 0, NA
minionpar, 16, 089, 0, 0, 11.378, 118618465912, 1, 1803160127, 0, NA
minionpar, 16, 090, 0, 0, 11.535, 108487976180, 1, 1637626656, 0, NA
minionpar, 16, 091, 0, 0, 11.595, 98271975325, 1, 1465397432, 0, NA
minionpar, 16, 092, 0, 0, 11.746, 88108944035, 1, 1290753747, 0, NA
minionpar, 16, 093, 0, 0, 11.385, 78137075772, 1, 1117946459, 0, NA
minionpar, 16, 094, 0, 0, 11.569, 68489867093, 1, 951001993, 0, NA
minionpar, 16, 095, 0, 0, 11.879, 59291256500, 1, 793533469, 0, NA
minionpar, 16, 096, 0, 0, 11.354, 50651247758, 1, 648570431, 0, NA
minionpar, 16, 097, 0, 0, 11.7, 42661612665, 1, 518421632, 0, NA
minionpar, 16, 098, 0, 0, 11.623, 35392565801, 1, 404583534, 0, NA
minionpar, 16, 099, 0, 0, 11.603, 28890928780, 1, 307705178, 0, NA
minionpar, 16, 100, 0, 0, 11.651, 23178952221, 1, 227615327, 0, NA
minionpar, 16, 101, 0, 0, 11.382, 18254634358, 1, 163411193, 0, NA
minionpar, 16, 102, 0, 0, 11.573, 14093390611, 1, 113600991, 0, NA
minionpar, 16, 103, 0, 0, 11.723, 10650614772, 1, 76284725, 0, NA
minionpar, 16, 104, 0, 0, 11.824, 7865086175, 1, 49351888, 0, NA
minionpar, 16, 105, 0, 0, 12.063, 5663947208, 1, 30672059, 0, NA
minionpar, 16, 106, 0, 0, 12.124, 3960616815, 1, 18255868, 0, NA
minionpar, 16, 107, 0, 0, 17.553, 2659661202, 1, 10370117, 0, NA
minionpar, 16, 108, 0, 0, 16.588, 1685868223, 1, 5600123, 0, NA
minionpar, 16, 109, 0, 0, 16.306, 987837007, 1, 2862225, 0, NA
minionpar, 16, 110, 0, 0, 21.246, 525122694, 1, 1377288, 0, NA
minionpar, 16, 111, 0, 0, 20.134, 250287456, 1, 620049, 0, NA
minionpar, 16, 112, 0, 0, 19.882, 99224624, 1, 259144, 0, NA
minionpar, 16, 113, 0, 0, 23.543, 34558962, 1, 99566, 0, NA
minionpar, 16, 114, 0, 0, 19.213, 10666231, 1, 34720, 0, NA
minionpar, 16, 115, 0, 0, 23.36, 2095915, 1, 10800, 0, NA
minionpar, 16, 116, 0, 0, 15.839, 68261, 1, 2924, 0, NA
minionpar, 16, 117, 0, 0, 9.156, 5617, 1, 664, 0, NA
minionpar, 16, 118, 0, 0, 7.265, 487, 1, 119, 0, NA
minionpar, 16, 119, 0, 0, 6.057, 30, 1, 15, 0, NA
minionpar, 16, 120, 0, 0, 6.262, 1, 1, 1, 0, NA
minionpar, 17, 000, 0, 0, 10.224, 1, 1, 1, 0, NA
minionpar, 17, 001, 0, 0, 7.758, 4, 1, 2, 0, NA
minionpar, 17, 002, 0, 0, 8.095, 20, 1, 5, 0, NA
minionpar, 17, 003, 0, 0, 8.461, 59, 1, 10, 0, NA
minionpar, 17, 004, 0, 0, 10.471, 199, 1, 20, 0, NA
minionpar, 17, 005, 0, 0, 26.577, 465, 1, 36, 0, NA
minionpar, 17, 006, 0, 0, 21.184, 1408, 1, 65, 0, NA
minionpar, 17, 007, 0, 0, 38.589, 2716, 1, 110, 0, NA
minionpar, 17, 008, 0, 0, 38.355, 3500098, 1, 185, 0, NA
minionpar, 17, 009, 0, 0, 30.869, 30168231, 1, 300, 0, NA
minionpar, 17, 010, 0, 0, 57.163, 78031706, 1, 481, 0, NA
minionpar, 17, 011, 0, 0, 31.4, 165446087, 1, 752, 0, NA
minionpar, 17, 012, 0, 0, 23.55, 305410117, 1, 1165, 0, NA
minionpar, 17, 013, 0, 0, 24.305, 477475610, 1, 1770, 0, NA
minionpar, 17, 014, 0, 0, 24.086, 694947923, 1, 2665, 0, NA
minionpar, 17, 015, 0, 0, 16.243, 1025778192, 1, 3956, 0, NA
minionpar, 17, 016, 0, 0, 16.692, 1397655997, 1, 5818, 0, NA
minionpar, 17, 017, 0, 0, 15.522, 1857412345, 1, 8456, 0, NA
minionpar, 17, 018, 0, 0, 15.622, 2436644867, 1, 12192, 0, NA
minionpar, 17, 019, 0, 0, 15.622, 3159763139, 1, 17402, 0, NA
minionpar, 17, 020, 0, 0, 19.33, 4052413471, 1, 24654, 0, NA
minionpar, 18, 000, 0, 0, 9.913, 1, 1, 1, 0, NA
minionpar, 18, 001, 0, 0, 9.817, 4, 1, 2, 0, NA
minionpar, 18, 002, 0, 0, 10.147, 20, 1, 5, 0, NA
minionpar, 18, 003, 0, 0, 10.138, 59, 1, 10, 0, NA
minionpar, 18, 004, 0, 0, 13.075, 199, 1, 20, 0, NA
minionpar, 18, 005, 0, 0, 15.958, 465, 1, 36, 0, NA
minionpar, 18, 006, 0, 0, 17.838, 1408, 1, 65, 0, NA
minionpar, 18, 007, 0, 0, 33.778, 2716, 1, 110, 0, NA
minionpar, 18, 008, 0, 0, 60.163, 2846021, 1, 185, 0, NA
minionpar, 18, 009, 0, 0, 51.537, 42791211, 1, 300, 0, NA
minionpar, 18, 010, 0, 0, 122.495, 145786580, 1, 481, 0, NA
minionpar, 18, 011, 0, 0, 41.66, 329215633, 1, 752, 0, NA
minionpar, 18, 012, 0, 0, 42.244, 641961205, 1, 1165, 0, NA
minionpar, 18, 013, 0, 0, 32.198, 1112090071, 1, 1770, 0, NA
minionpar, 18, 014, 0, 0, 32.311, 1684730997, 1, 2665, 0, NA
minionpar, 18, 015, 0, 0, 45.954, 2423336290, 1, 3956, 0, NA
minionpar, 18, 016, 0, 0, 20.475, 3536125731, 1, 5822, 0, NA
minionpar, 18, 017, 0, 0, 21.198, 4814186721, 1, 8466, 0, NA
minionpar, 18, 018, 0, 0, 20.711, 6406634477, 1, 12216, 0, NA
minionpar, 18, 019, 0, 0, 21.272, 8426678020, 1, 17452, 0, NA
minionpar, 18, 020, 0, 0, 25.228, 10959943858, 1, 24754, 0, NA
minionpar, 19, 000, 0, 0, 12.356, 1, 1, 1, 0, NA
minionpar, 19, 001, 0, 0, 12.056, 4, 1, 2, 0, NA
minionpar, 19, 002, 0, 0, 12.326, 20, 1, 5, 0, NA
minionpar, 19, 003, 0, 0, 12.195, 59, 1, 10, 0, NA
minionpar, 19, 004, 0, 0, 15.831, 199, 1, 20, 0, NA
minionpar, 19, 005, 0, 0, 18.877, 465, 1, 36, 0, NA
minionpar, 19, 006, 0, 0, 22.324, 1408, 1, 65, 0, NA
minionpar, 19, 007, 0, 0, 41.166, 2716, 1, 110, 0, NA
minionpar, 19, 008, 0, 0, 80.798, 2817056, 1, 185, 0, NA
minionpar, 19, 009, 0, 0, 68.163, 29065045, 1, 300, 0, NA
minionpar, 19, 010, 0, 0, 138.571, 263935010, 1, 481, 0, NA
minionpar, 19, 011, 0, 0, 56.184, 623476722, 1, 752, 0, NA
minionpar, 19, 012, 0, 0, 56.311, 1309064474, 1, 1165, 0, NA
minionpar, 19, 013, 0, 0, 41.641, 2452828808, 1, 1770, 0, NA
minionpar, 19, 014, 0, 0, 42.76, 3913671837, 1, 2665, 0, NA
minionpar, 19, 015, 0, 0, 134.041, 5805861039, 1, 3956, 0, NA
minionpar, 19, 016, 0, 0, 43.24, 8269919165, 1, 5822, 0, NA
minionpar, 19, 017, 0, 0, 27.386, 11957637976, 1, 8470, 0, NA
minionpar, 19, 018, 0, 0, 27.302, 16254286503, 1, 12226, 0, NA
minionpar, 19, 019, 0, 0, 26.917, 21655995174, 1, 17476, 0, NA
minionpar, 19, 020, 0, 0, 26.596, 28527680582, 1, 24804, 0, NA
minionpar, 20, 000, 0, 0, 16.377, 1, 1, 1, 0, NA
minionpar, 20, 001, 0, 0, 14.916, 4, 1, 2, 0, NA
minionpar, 20, 002, 0, 0, 15.441, 20, 1, 5, 0, NA
minionpar, 20, 003, 0, 0, 15.991, 59, 1, 10, 0, NA
minionpar, 20, 004, 0, 0, 19.45, 199, 1, 20, 0, NA
minionpar, 20, 005, 0, 0, 38.539, 465, 1, 36, 0, NA
minionpar, 20, 006, 0, 0, 27.686, 1408, 1, 65, 0, NA
minionpar, 20, 007, 0, 0, 51.839, 2716, 1, 110, 0, NA
minionpar, 20, 008, 0, 0, 126.347, 2727580, 1, 185, 0, NA
minionpar, 20, 009, 0, 0, 109.355, 24615401, 1, 300, 0, NA
minionpar, 20, 010, 0, 0, 164.607, 411745588, 1, 481, 0, NA
minionpar, 20, 011, 0, 0, 72.365, 1139170983, 1, 752, 0, NA
minionpar, 20, 012, 0, 0, 73.42, 2531434676, 1, 1165, 0, NA
minionpar, 20, 013, 0, 0, 73.543, 5001745972, 1, 1770, 0, NA
minionpar, 20, 014, 0, 0, 54.305, 8685243485, 1, 2665, 0, NA
minionpar, 20, 015, 0, 0, 54.214, 13418466378, 1, 3956, 0, NA
minionpar, 20, 016, 0, 0, 55.6, 19580171676, 1, 5822, 0, NA
minionpar, 20, 017, 0, 0, 55.041, 27694033201, 1, 8470, 0, NA
minionpar, 20, 018, 0, 0, 35.953, 39699763936, 1, 12230, 0, NA
minionpar, 20, 019, 0, 0, 34.399, 53891661694, 1, 17486, 0, NA
minionpar, 20, 020, 0, 0, 34.861, 71812385623, 1, 24828, 0, NA
minionpar, 21, 000, 0, 0, 18.379, 1, 1, 1, 0, NA
minionpar, 21, 001, 0, 0, 17.532, 4, 1, 2, 0, NA
minionpar, 21, 002, 0, 0, 18.97, 20, 1, 5, 0, NA
minionpar, 21, 003, 0, 0, 19.047, 59, 1, 10, 0, NA
minionpar, 21, 004, 0, 0, 24.302, 199, 1, 20, 0, NA
minionpar, 21, 005, 0, 0, 27.772, 465, 1, 36, 0, NA
minionpar, 21, 006, 0, 0, 31.676, 1408, 1, 65, 0, NA
minionpar, 21, 007, 0, 0, 64.996, 2716, 1, 110, 0, NA
minionpar, 21, 008, 0, 0, 120.43, 7497, 1, 185, 0, NA
minionpar, 21, 009, 0, 0, 140.937, 24121993, 1, 300, 0, NA
minionpar, 21, 010, 0, 0, 118.148, 240367072, 1, 481, 0, NA
minionpar, 21, 011, 0, 0, 94.5, 2027889037, 1, 752, 0, NA
minionpar, 21, 012, 0, 0, 96.678, 4687437308, 1, 1165, 0, NA
minionpar, 21, 013, 0, 0, 96.873, 9915104376, 1, 1770, 0, NA
minionpar, 21, 014, 0, 0, 96.54, 18019047482, 1, 2665, 0, NA
minionpar, 21, 015, 0, 0, 71.804, 29844611635, 1, 3956, 0, NA
minionpar, 21, 016, 0, 0, 72.761, 44960073676, 1, 5822, 0, NA
minionpar, 21, 017, 0, 0, 73.15, 64825051150, 1, 8470, 0, NA
minionpar, 21, 018, 0, 0, 72.643, 91092193147, 1, 12230, 0, NA
minionpar, 21, 019, 0, 0, 45.056, 129632541381, 1, 17490, 0, NA
minionpar, 21, 020, 0, 0, 45.431, 175611483722, 1, 24838, 0, NA
minionpar, 22, 000, 0, 0, 22.246, 1, 1, 1, 0, NA
minionpar, 22, 001, 0, 0, 22.073, 4, 1, 2, 0, NA
minionpar, 22, 002, 0, 0, 21.359, 20, 1, 5, 0, NA
minionpar, 22, 003, 0, 0, 23.167, 59, 1, 10, 0, NA
minionpar, 22, 004, 0, 0, 27.66, 199, 1, 20, 0, NA
minionpar, 22, 005, 0, 0, 34.13, 465, 1, 36, 0, NA
minionpar, 22, 006, 0, 0, 38.876, 1408, 1, 65, 0, NA
minionpar, 22, 007, 0, 0, 81.627, 2716, 1, 110, 0, NA
minionpar, 22, 008, 0, 0, 126.795, 7497, 1, 185, 0, NA
minionpar, 22, 009, 0, 0, 183.553, 23584541, 1, 300, 0, NA
minionpar, 22, 010, 0, 0, 185.406, 203902609, 1, 481, 0, NA
minionpar, 22, 011, 0, 0, 121.684, 3147791204, 1, 752, 0, NA
minionpar, 22, 012, 0, 0, 124.625, 8421304057, 1, 1165, 0, NA
minionpar, 22, 013, 0, 0, 126.878, 18872399627, 1, 1770, 0, NA
minionpar, 22, 014, 0, 0, 128.459, 36424465908, 1, 2665, 0, NA
minionpar, 22, 019, 0, 0, 94.226, 294867267023, 1, 17490, 0, NA
minionpar, 22, 020, 0, 0, 59.035, 416614699411, 1, 24842, 0, NA
minionpar, 23, 000, 0, 0, 27.002, 1, 1, 1, 0, NA
minionpar, 23, 001, 0, 0, 27.155, 4, 1, 2, 0, NA
minionpar, 23, 002, 0, 0, 27.204, 20, 1, 5, 0, NA
minionpar, 23, 003, 0, 0, 27.828, 59, 1, 10, 0, NA
minionpar, 23, 004, 0, 0, 33.853, 199, 1, 20, 0, NA
minionpar, 23, 005, 0, 0, 41.636, 465, 1, 36, 0, NA
minionpar, 23, 006, 0, 0, 48.538, 1408, 1, 65, 0, NA
minionpar, 23, 007, 0, 0, 102.898, 2716, 1, 110, 0, NA
minionpar, 23, 008, 0, 0, 160.599, 7497, 1, 185, 0, NA
minionpar, 23, 009, 0, 0, 281.753, 22681756, 1, 300, 0, NA
minionpar, 23, 010, 0, 0, 244.475, 199353351, 1, 481, 0, NA
minionpar, 23, 020, 0, 0, 126.035, 940019290505, 1, 24842, 0, NA
minionpar, 24, 000, 0, 0, 32.007, 1, 1, 1, 0, NA
minionpar, 24, 001, 0, 0, 31.967, 4, 1, 2, 0, NA
minionpar, 24, 002, 0, 0, 31.51, 20, 1, 5, 0, NA
minionpar, 24, 003, 0, 0, 34.191, 59, 1, 10, 0, NA
minionpar, 24, 004, 0, 0, 41.131, 199, 1, 20, 0, NA
minionpar, 24, 005, 0, 0, 50.999, 465, 1, 36, 0, NA
minionpar, 24, 006, 0, 0, 58.595, 1408, 1, 65, 0, NA
minionpar, 24, 007, 0, 0, 134.358, 2716, 1, 110, 0, NA
minionpar, 24, 008, 0, 0, 213.079, 7497, 1, 185, 0, NA
minionpar, 24, 009, 0, 0, 289.29, 13968, 1, 300, 0, NA
minionpar, 24, 010, 0, 0, 325.646, 193927841, 1, 481, 0, NA
minionpar, 25, 000, 0, 0, 37.932, 1, 1, 1, 0, NA
minionpar, 25, 001, 0, 0, 36.718, 4, 1, 2, 0, NA
minionpar, 25, 002, 0, 0, 38.923, 20, 1, 5, 0, NA
minionpar, 25, 003, 0, 0, 39.756, 59, 1, 10, 0, NA
minionpar, 25, 004, 0, 0, 50.995, 199, 1, 20, 0, NA
minionpar, 25, 005, 0, 0, 61.549, 465, 1, 36, 0, NA
minionpar, 25, 006, 0, 0, 73.341, 1408, 1, 65, 0, NA
minionpar, 25, 007, 0, 0, 185.452, 2716, 1, 110, 0, NA
minionpar, 25, 008, 0, 0, 287.82, 7497, 1, 185, 0, NA
minionpar, 25, 009, 0, 0, 389.409, 13968, 1, 300, 0, NA
minionpar, 25, 010, 0, 0, 544.653, 188017358, 1, 481, 0, NA
